New York (Manhattan),NY,New York,Alphabet City,Astor Row,Battery Park City,Bowery,Carnegie Hill,Chelsea,Chinatown,Civic Center,Columbus Circle,Cooperative Village,Diamond District,East Harlem,East Village,Financial District,Five Points,Flatiron District,Garment District,Gashouse District,Gramercy Park,Greenwich Village,Hamilton Heights,Harlem,Hell's Kitchen,Herald Square,Hudson Heights,Hudson Square,Hudson Yards,Inwood,Kips Bay,Koreatown,Lenox Hill,Le Petit Senegal,Liberty Island,Lincoln Square,Little Germany,Little Italy,Little Spain,Little Syria,Loisaida,Lower East Side,Lower Manhattan,Madison Square,Manhattan Valley,Manhattanville,Marble Hill,Marcus Garvey Park,Meatpacking District,Midtown Manhattan,Morningside Heights,Murray Hill,NoHo,Nolita,NoMad,Peter Cooper Village,Pomander Walk,Radio Row,Randalls Island,Roosevelt Island,Rose Hill,San Juan Hill,SoHo,South Street Seaport,South Village,Stuyvesant Square,Stuyvesant Town,Sugar Hill,Sutton Place,Sylvan,Tenderloin,Theater District,Times Square,Tribeca,Tudor City,Turtle Bay,Two Bridges,Union Square,Upper East Side,Upper Manhattan,Upper West Side,Wards Island,Washington Heights,Waterside Plaza,West Village,Yorkville
Brooklyn,NY,Kings,Barren Island,Bath Beach,Bay Ridge,Bedford,Bedford-Stuyvesant,Bensonhurst,Bergen Beach,Beverley Square,BoCoCa,Boerum Hill,Borough Park,Brighton Beach,Brooklyn Chinatown,Brooklyn Heights,Brownsville,Bushwick,Canarsie,Carroll Gardens,City Line,Clinton Hill,Cobble Hill,Coney Island,Crown Heights,Cypress Hills,Ditmas Park,Downtown,Dumbo,Dyker Heights,East Flatbush,East New York,East Williamsburg,Farragut,Fiske Terrace,Flatbush,Flatlands,Fort Greene,Fort Hamilton,Fulton Ferry,Georgetown,Gerritsen Beach,Gowanus,Gravesend,Greenpoint,Greenwood Heights,Highland Park,Homecrest,Kensington,Lapskaus Boulevard,Madison,Manhattan Beach,Mapleton,Marine Park,Midwood,Mill Basin,Navy Yard,New Lots,New Utrecht,Ocean Hill,Ocean Parkway,Park Slope,Plumb Beach,Prospect Heights,Prospect Lefferts Gardens,Prospect Park South,Red Hook,Sea Gate,Sheepshead Bay,South Slope,Starrett City,Stuyvesant Heights,Sunset Park,The Hole,Victorian Flatbush,Vinegar Hill,Wallabout,Weeksville,White Sands,Williamsburg,Windsor Terrace,Wingate,Wyckoff Heights
Queens,NY,Queens,Arverne,Astoria,Astoria Heights,Auburndale,Bayside,Bayswater,Bay Terrace,Beechhurst,Bellaire,Belle Harbor,Bellerose,Blissville,Boulevard Gardens,Breezy Point,Briarwood,Broad Channel,Broadway-Flushing,Cambria Heights,College Point,Corona,Ditmars,Douglaston,Dutch Kills,East Elmhurst,Edgemere,Electchester,Elmhurst,Far Rockaway,Floral Park,Flushing,Flushing Chinatown,Forest Hills,Forest Hills Gardens,Fresh Meadows,Fresh Pond,Glendale,Glen Oaks,Hamilton Beach,Hammels,Hillcrest,Hollis,Hollis Hills,Holliswood,Howard Beach,Howard Park,Hunters Point,Jackson Heights,Jamaica,Jamaica Estates,Jamaica Hills,Kew Gardens,Kew Gardens Hills,Koreatown,Laurelton,LeFrak City,Linden Hill,Lindenwood,Little Egypt,Little Neck,Locust Manor,Long Island City,Malba,Maspeth,Meadowmere,Middle Village,Murray Hill,Neponsit,North Corona,North Shore Towers,Oakland Gardens,Old Howard Beach,Ozone Park,Pomonok,Queensboro Hill,Queensbridge,Queens Village,Ramblersville,Ravenswood,Rego Park,Richmond Hill,Ridgewood,Rochdale,Rockaway,Rockaway Beach,Rockaway Park,Rockwood Park,Rosedale,Roxbury,St. Albans,Seaside,South Jamaica,South Ozone Park,Springfield Gardens,Sunnyside,Sunnyside Gardens,The Hole,Tudor Village,Utopia,Warnerville,Whitestone,Willets Point,Woodhaven,Woodside,Wyckoff Heights
The Bronx,NY,Bronx,Allerton,Baychester,Bedford Park,Belden Point,Belmont,Castle Hill,City Island,Clason Point,Crotona Park East,Co-op City,Country Club,East Bronx,Eastchester,East Tremont,Edenwald,Ferry Point Park,Fordham,Harding Park,Highbridge,Hunts Point,The Hub,Kingsbridge,Kingsbridge Heights,Locust Point,Longwood,Melrose,Morrisania,Morris Heights,Morris Park,Mott Haven,North Bronx,Norwood,Olinville,Parkchester,Pelham Bay,Pelham Gardens,Pelham Parkway,Port Morris,Riverdale,Schuylerville,Silver Beach,Soundview,South Bronx,Spuyten Duyvil,Throggs Neck,Tremont,University Heights,Van Cortlandt Village,Van Nest,Wakefield,West Bronx,West Farms,Williamsbridge,Woodlawn
Staten Island,NY,Richmond,Annadale,Arden Heights,Arlington,Arrochar,Bay Terrace,Bloomfield,Brighton Heights,Bulls Head,Castleton,Castleton Corners,Charleston,Chelsea,Clifton,Concord,Dongan Hills,East Shore,Egbertville,Elm Park,Eltingville,Emerson Hill,Fort Wadsworth,Graniteville,Grant City,Grasmere,Great Kills,Greenridge,Grymes Hill,Hamilton Park,Heartland Village,Huguenot,Lighthouse Hill,Livingston,Manor Heights,Mariners Harbor,Meiers Corners,Mid-Island,Midland Beach,New Brighton,New Dorp,New Springville,North Shore,Oakwood,Ocean Breeze,Old Place,Old Town,Pleasant Plains,Port Ivory,Port Richmond,Prince's Bay,Randall Manor,Richmondtown,Richmond Valley,Rosebank,Rossville,St. George,Sandy Ground,Shore Acres,Silver Lake,South Beach,South Shore,Stapleton,Stapleton Heights,Sunnyside,Todt Hill,Tompkinsville,Tottenville,Tottenville Beach,Travis,Ward Hill,Westerleigh,West New Brighton,West Shore,Willowbrook,Woodrow
Los Angeles,CA,Los Angeles,Angelino Heights,Arleta,Arlington Heights,"Armenia, Little",Arts District,Atwater Village,Baldwin Hills,Baldwin Hills/Crenshaw,Baldwin Village,Baldwin Vista,"Bank District, Old",Beachwood Canyon,"Bel Air, Bel-Air or Bel Air Estates","Bel Air, East Gate",Benedict Canyon,Beverly Crest,Beverly Glen,Beverly Grove,Beverly Park,Beverlywood,Boyle Heights,Brentwood,Brentwood Circle,Brentwood Glen,Broadway-Manchester,Bunker Hill,Cahuenga Pass,Canoga Park,Canterbury Knolls,Carthay,Central-Alameda,Central City,Century City,Chatsworth,Chesterfield Square,Cheviot Hills,Chinatown,Civic Center,"Core, Historic",Crenshaw,Crestwood Hills,Cypress Park,Del Rey,Downtown,Eagle Rock,East Gate Bel Air,East Hollywood,Echo Park,Edendale,El Sereno,Elysian Heights,Elysian Park,Elysian Valley,Encino,"Ethiopia, Little",Exposition Park,Faircrest Heights ,Fairfax,Fashion District,"Filipinotown, Historic",Financial District,Florence,Flower District,Franklin Hills,Gallery Row,Garvanza,Glassell Park,Gramercy Park,Granada Hills,Green Meadows,Griffith Park,Hancock Park,Harbor City,Harbor Gateway,Harvard Heights,Harvard Park,Hermon,Highland Park,Historic Core,Hollywood,Hollywood Dell,Hollywood Hills,Hollywood Hills West,Holmby Hills,Hyde Park,Jefferson Park,Jewelry District,Kinney Heights,Koreatown,Lafayette Square,Lake Balboa,Lake View Terrace,Larchmont,Laurel Canyon,Leimert Park,Lincoln Heights,Little Armenia,Little Ethiopia,Little Tokyo,Manchester Square,Mandeville Canyon,Marina Peninsula,Mar Vista,Melrose Hill,Mid-City,Mid-Wilshire,Miracle Mile,Mission Hills,Montecito Heights,Monterey Hills,Mount Olympus,Mount Washington,Naud Junction,Nichols Canyon,NoHo Arts District,North Hills,North Hollywood,Northridge,North University Park,Old Bank District,Outpost Estates,Pacific Palisades,Pacoima,Palms,Panorama City,Park La Brea,Picfair Village,Pico-Union,Playa del Rey,Playa Vista,Porter Ranch,Rancho Park,Reseda,Rustic Canyon,San Pedro,Reynier Village,Sawtelle,Shadow Hills,Sherman Oaks,Silver Lake,Skid Row,Solano Canyon,"South Central, Historic",South Park,South Robertson,Spaulding Square,Studio City,Sunland,Sunset Junction,Sun Valley,Sylmar,Tarzana,Terminal Island,Thai Town,"Tokyo, Little",Toluca Lake,Toy District,Tujunga,University Hills,University Park,"University Park, North",Valley Glen,Valley Village,Van Nuys,Venice,Venice Canals,Vermont Knolls,Vermont-Slauson,Vermont Square,Vermont Vista,Victor Heights,Victoria Park,Village Green,Warner Center,Watts,West Adams,Westchester,Westdale,West Hills,Westlake,West Los Angeles,Westside Village,Westwood,Westwood Village,Whitley Heights,Wholesale District,Wilmington,Wilshire Center,Wilshire Park,Windsor Square,Winnetka,Woodland Hills,Yucca Corridor
Chicago,IL,Cook,Albany Park,Andersonville,Archer Heights,Ashburn,Auburn Gresham,Avalon Park,Avondale,Back of the Yards,Belmont Cragin,Beverly,Bridgeport,Brighton Park,Bronzeville,Bucktown,Burnside,Calumet Heights,Chatham,Chinatown,Clearing,Dunning,East Side,Edgewater,Edison Park,Englewood,Forest Glen,Gage Park,Galewood,Garfield Ridge,Gold Coast,Greater Grand Crossing,Greektown,Hegewisch,Hermosa,Homan Square,Humboldt Park,Hyde Park,Irving Park,Jefferson Park,Kenwood,Lake View,Lincoln Park,Lincoln Square,Little Italy,Little Village,Logan Square,The Loop,Magnificent Mile,McKinley Park,Montclare,Morgan Park,Mount Greenwood,Near North Side,Near West Side,New City,North Park,Oakland,O'Hare,Old Town,Pilsen,Printer's Row,Pullman,River North,Riverdale,Robert Taylor Homes,Rogers Park,Sauganash,South Chicago,South Deering,South Shore,Streeterville,Ukrainian Village,Uptown,Washington Heights,Washington Park,West Elsdon,West Ridge,West Town,Wicker Park,Woodlawn,Wrigleyville,Altgeld Gardens,Armour Square,Big Oaks,Bowmanville,Boystown,Budlong Woods,Buena Park,Canaryville,Central Station,Chicago Lawn,Chrysler Village,East Garfield Park,Edgebrook,Fernwood,Fuller Park,Fulton River District,Gladstone Park,Goose Island,Grand Boulevard,Groveland Park,Heart of Chicago,Hollywood Park,Illinois Medical District,Indian Village,The Island,Jeffery Manor,Jackowo,Kilbourn Park,K-Town,Kosciuszko Park,Lilydale,Lower West Side,Margate Park,Marquette Park,Marshall Square,Mayfair,Museum Campus,New Chinatown,Noble Square,North Austin,North Center,North Halsted,North Lawndale,North Mayfair,Old Edgebrook,Old Irving Park,Old Norwood Park,Old Town Triangle,Oriole Park,Palmer Square,Peterson Park,Pill Hill,Portage Park,Prairie District,Polish Village,Prairie Shores,Princeton Park,Pulaski Park,Ravenswood,Ravenswood Manor,River West,Roseland,Rosemoor,Roscoe Village,Saint Ben's,Scottsdale,Sheridan Park,Smith Park,South Lawndale,South Edgebrook,Tri-Taylor,Union Ridge,The Villa,Waclawowo,West Beverly,West Englewood,West Garfield Park,West Lakeview,West Lawn,West Loop Gate,West Pullman,West Rogers Park,Wildwood
Philadelphia,PA,Philadelphia,Avenue of the Arts,Chinatown,Eakins Oval,Elfreth's Alley,Fitler Square,Franklintown,French Quarter,Independence Mall,Jewelers' Row,Logan Square,Market East,Museum District,Naval Square,Old City,Penn Center,Penn's Landing,Rittenhouse Square,Schuylkill Avenue,Society Hill,South Street,Washington Square West,Bella Vista,Central South Philadelphia,Devil's Pocket,Dickinson Narrows,East Passyunk Crossing,FDR Park,Girard Estate,Grays Ferry,Greenwich,Hawthorne,Italian Market,Little Saigon,Lower Moyamensing,Marconi Plaza,Moyamensing,Newbold,Packer Park,Passyunk Square,Pennsport,Point Breeze,Queen Village,Schuykill,Southwark,Southwest Center City,Sports Complex,Tasker,West Passyunk,Wharton,Whitman,Wilson Park,Angora,Bartram Village,Clearview,Eastwick,Elmwood Park,Hedgerow,Hog Island,Kingsessing,Mount Moriah,Paschall,Penrose,PHL,Southwest Schuylkill,Avenue of Technology,Belmont Village,Carroll Park,Cathedral Park,Centennial District,Cedar Park,Cobbs Creek,Dunlap,Garden Court,Haddington,Haverford North,Mantua,Mill Creek,Overbrook,Overbrook Farms,Overbrook Park,Parkside,Powelton Village,Saunders Park,Spruce Hill,Squirrel Hill,University City,Walnut Hill,Woodland Terrace,Wynnefield,Wynnefield Heights,Belfield,Brewerytown,Cabot,Callowhill,Fairhill,Fairmount,Francisville,Hartranft,Ivy Hill,Ludlow,North Central,Northern Liberties,Poplar,Sharswood,South Lehigh,Spring Garden,Stanton,Strawberry Mansion,Templetown,Yorktown,Allegheny West,Franklinville,Glenwood,Hunting Park,Nicetown-Tioga,Olde Kensington,West Kensington,Bridesburg,Fishtown,Harrowgate,Kensington,Port Richmond,Andorra,East Falls,Manayunk,Roxborough,Wissahickon,Beggarstown,Chestnut Hill,Germantown,Morton,Mount Airy,Wister,Cedarbrook,East Oak Lane,Feltonville,Fern Rock,Koreatown,Logan,Ogontz,Olney,West Oak Lane,Burholme,Castor Gardens,Crescentville,Fox Chase,Frankford,Holme Circle,Holmesburg,Juniata,Lawndale,Lexington Park,Mayfair,Oxford Circle,Rhawnhurst,Ryers,Tacony,Wissinoming,Academy Gardens,Ashton-Woodenbridge,Bustleton,Byberry,Crestmont Farms,Millbrook,Modena Park,Morrell Park,Normandy,Parkwood,Pennypack,Somerton,Torresdale,Upper Holmesburg,Winchester Park
Dallas,TX,Dallas,Lower Greenville Avenue,Downtown,Oak Lawn,Fair Park,Uptown,Deep Ellum,Vickery Meadows,Knox-Henderson,Swiss Avenue,Oak Cliff,Bishop Arts District,Cedars,West Village,Turtle Creek
Oakland,CA,Alameda,Adams Point,Chinatown,City Center,Civic Center,Crocker Highlands,Grand Lake,Jack London District,Jack London Square,Lakeside Apartments District,Old Oakland,Trestle Glen,Uptown,Cleveland Heights,Dimond District,Eastmont,Elmhurst,Fruitvale,Glenview,Grass Valley,Havenscourt,Laurel,Millsmont,Maxwell Park,Peralta Hacienda,Redwood Heights,Ridgemont,San Antonio,Seminary,Sequoyah Heights,Sobrante Park,Bushrod Park,Golden Gate,Koreatown,Longfellow,Piedmont Avenue,Rockridge,Santa Fe,Temescal,Acorn,Cypress Village,Dogtown,Ghost Town,Lower Bottoms,Oakland Point,Claremont,Montclair,Piedmont Pines,Oakmore,Joaquin Miller Park,Mountain View Cemetery,Sequoyah Heights,Panoramic Hill,Sheffield Village
Boston,MA,Suffolk,Allston-Brighton ,Allston,Brighton,Back Bay,Bay Village,Beacon Hill,Harbor Islands,Charlestown,Chestnut Hill,Chinatown,Columbia Point,Dorchester,Downtown Crossing,East Boston,Fenway–Kenmore,Financial District,Forest Hills,Fort Point,Government Center,Hyde Park,Jamaica Plain,Leather District,Longwood,Mattapan,Mission Hill,North End,Readville,Roslindale,Roxbury,South Bay,South Boston,South End,West End,West Roxbury
"Washington, DC",DC,Washington & Alexandria,Adams Morgan,Columbia Heights,Kalorama,LeDroit Park,Mount Pleasant,Park View,Pleasant Plains,Shaw,Burleith,Chinatown,Downtown,Dupont Circle,Foggy Bottom,Georgetown,Kalorama,Logan Circle,Mount Vernon Square,Penn Quarter,Shaw,Southwest Federal Center,West End,American University Park,Berkley,Cathedral Heights,Chevy Chase,Cleveland Park,Colony Hill,Forest Hills,Foxhall,Friendship Heights,Glover Park,Kent,Massachusetts Heights,McLean Gardens,North Cleveland Park,Observatory Circle,The Palisades,Potomac Heights,Spring Valley,Tenleytown,Wakefield,Wesley Heights,Woodland Normanstone,Woodley Park,Barnaby Woods,Brightwood,Brightwood Park,Chevy Chase,Colonial Village,Crestwood,Hawthorne,Manor Park,Petworth,Queens Chapel,Riggs Park,Shepherd Park,Sixteenth Street Heights,Takoma,Arboretum,Bloomingdale,Brentwood,Brookland,Carver Langston,Eckington,Edgewood,Fort Lincoln,Fort Totten,Gateway,Ivy City,Langdon,Michigan Park,North Michigan Park,Pleasant Hill,Queens Chapel,Stronghold-Metropolis View,Trinidad,Truxton Circle,Woodridge,Barney Circle,Capitol Hill,Judiciary Square,Kingman Park,Navy Yard,Near Northeast,NoMa,Southwest Waterfront,Sursum Corda,Swampoodle,Benning,Benning Heights,Benning Ridge,Burrville,Capitol View,Central Northeast,Civic Betterment,Deanwood,Dupont Park,East River Heights,Eastland Gardens,Fairfax Village,Fairlawn,Fort Davis,Fort Dupont,Good Hope,Greenway,Hillbrook,Hillcrest,Kenilworth,Kingman Park,Lincoln Heights,Marshall Heights,Mayfair,Naylor Gardens,Penn Branch,Randle Highlands,River Terrace,Twining,Anacostia,Barry Farm,Bellevue,Buena Vista,Congress Heights,Douglass,Fairlawn,Garfield Heights,Knox Hill,Shipley Terrace,Skyland,Washington Highlands,Woodland
Atlanta,GA,Fulton,Castleberry Hill,Centennial Hill district,Fairlie-Poplar district,Five Points district,Hotel District,Luckie Marietta district,Peachtree Center,SoNo,South Downtown,Peachtree Street,Historic Midtown,Atlantic Station,Eastern Home Park,Georgia Tech and Technology Square,Home Park,Loring Heights,Sherwood Forest,Berkeley Park,Blandtown,Western Home Park,Knight Park/Howell Station,Marietta Street Artery,Ansley Park,Atkins Park,Cabbagetown,Candler Park,Druid Hills,East Atlanta,East Lake,Edgewood,Grant Park,Inman Park,Kirkwood,Lake Claire,Lindridge?Martin Manor,Morningside?Lenox Park,Oakland,Old Fourth Ward,Ormewood Park,Piedmont Heights,Poncey-Highland,Reynoldstown,Summerhill,Sweet Auburn,Virginia-Highland,Amal Heights,Benteen Park,Betmar LaVilla,Blair Villa/Poole Creek,Boulevard Heights,Browns Mill Park,Chosewood Park,Custer/McDonough/Guice,Englewood Manor,Glenrose Heights,High Point,Joyland,Lakewood,Lakewood Heights,Leila Valley,Norwood Manor,Orchard Knob,Polar Rock,Rebel Valley Forest,Rosedale Heights,South Atlanta,South River Gardens,State Facility,Swallow Circle/Baywood,The Villages at Carver,Thomasville Heights,Woodland Hills,Adair Park,Adams Park,Adamsville,Arlington Estates,Ashley Collegetown,Ashley Courts,Ashview Heights,Atlanta University Center,Audubon Forest,Audubon Forest West,Baker Hills,Bakers Ferry,Beecher Hills,Ben Hill,Ben Hill Acres,Ben Hill Forest,Ben Hill Pines,Ben Hill Terrace,Boulder Park,Brentwood,Briar Glen,Bush Mountain,Butner/Tell,Campbellton Road,Capitol View,Capitol View Manor,Carroll Heights,Cascade Avenue/Road,Cascade Green,Cascade Heights,Chalet Woods,Collier Heights,Deerwood,East Ardley Road,Elmco Estates,Fairburn,Fairburn Heights,Fairburn Road/Wisteria Lane,Fairburn Tell,Fairburn Mays,Fairway Acres,Florida Heights,Fort McPherson,Fort Valley,Green Acres Valley,Green Forest Acres,Greenbriar,Greenbriar Village,Hammond Park,Harland Terrace,Heritage Valley,Horseshoe Community,Hunter Hills,Huntington,Ivan Hill,Just Us,Kings Forest,Lake Estates,Laurens Valley,Magnum Manor,Mays,Meadowbrook Forest,Mechanicsville,Mellwood,Midwest Cascade,Mt. Gilead Woods,Niskey Cove,Niskey Lake,Oakcliff,Oakland City,Old Fairburn Village,Old Gordon,Pomona Park,Peoplestown,Perkerson,Peyton Forest,Pittsburgh,Princeton Lakes,Regency Trace,Ridgecrest Forest,Rue Royal,Sandlewood Estates,Southwest,Summerdale Commons,Sylvan Hills,Tampa Park,Underwood Hills,Venetian Hills,West End h,West Manor,Westhaven,Westview,Westwood Terrace,Wildwood,Wildwood Forest,Wilson Mill Meadows,Wisteria Gardens,Almond Park,Atlanta Industrial Park,Bankhead,Bankhead Courts,Bolton,Bolton Hills,Bowen Apartments,Brookview Heights,Carey Park,Carver Hills,Center Hill,Chattahoochee,Dixie Hills,English Avenue,English Park,Grove Park,Harvel Homes,Hills Park,Hunter Hills,Knight Park/Howell Station,Monroe Heights,Mozley Park,Penelope Neighbors,Riverside,Rockdale,Scotts Crossing,Vine City,Washington Park,West Highlands,West Lake,Whittier Mill Village,Ardmore,Argonne Forest,Arden/Habersham,Brookhaven,Buckhead Forest,Brandon,Brookwood,Brookwood Hills,Buckhead Forest,Buckhead Village,Castlewood,Channing Valley,Chastain Park,Collier Hills,Colonial Homes,East Chastain Park,Garden Hills,Haynes Manor,Historic Brookhaven,Kingswood,Lindbergh/Morosgo,Loring Heights,Margaret Mitchell,Mount Paran/Northside,Mount Paran Parkway,North Buckhead,Paces,Peachtree Heights East,Peachtree Heights West,Peachtree Hills,Peachtree Park,Pine Hills,Pleasant Hill,Randall Mill,Ridgedale Park,Springlake,South Tuxedo Park,Tuxedo Park,Underwood Hills,West Paces Ferry/Northside,Westminister/Milmar,West Peachtree Battle,Whitewater Creek,Wildwood,Woodfield,Wyngate
Houston,TX,Harris,Afton Oaks,Brentwood,Briargrove Park,Broadacres,City Park,Clinton Park,Cloverland,Corinthian Pointe,Cottage Grove,Crestwood/Glen Cove,Eastwood,Garden Oaks,Glenshire,Highland Village,Houston Gardens,Idylwood,Kashmere Gardens,Larchmont,Magnolia Grove,Montrose,Morningside Place,Near North Side,Nottingham Forest,Old Braeswood,Pecan Park,Port Houston,Rice Military,Richmond Strip,Robindell,Royal Oaks Country Club,Scenic Woods,Settegast,Shadyside,Sharpstown,Shenandoah,Southampton,Southcrest,Southgate,Stablewood,St. George Place (Lamar Terrace),Sunset Terrace/Montclair,Tanglewood,University Oaks,Walnut Bend,Westbury,West End,West Oaks,Westwood,Westmoreland,Willow Meadows,Willowbend,Windsor Village,Woodland Heights
Detroit,TX,Wayne,Bricktown,Broadway Avenue,Campus Martius,Capitol Park,Downtown,Financial District,Greektown,Grand Circus Park,Griswold Street,West Jefferson Avenue,Monroe Avenue,Park Avenue,Randolph Street,Riverfront Condominiums,Washington Boulevard,Lower Woodward Avenue,Woodward Avenue,Art Center,Brush Park,Cass Corridor,Cass-Davenport,Cass Park,Cultural Center,Medical Center,East Ferry Avenue,Jeffries,Midtown,Midtown Woodward,Sugar Hill,University-Cultural Center,Wayne State University,Warren-Prentis,West Canfield,Willis-Selden,Woodbridge,Woodward East,Woodward Avenue,Alden Park,Arden Park-East Boston,Atkinson Avenue,Boston-Edison,Henry Ford Hospital,New Amsterdam,New Center,Piquette Avenue,Virginia Park,Woodward Avenue,Chaldean Town,Detroit Golf Club,State Fairgrounds,Green Acres,Highland Park,Martin Park,Palmer Park,Palmer Woods,Sherwood Forest,University District,University of Detroit Mercy,Chandler Park,Conant Gardens,East English Village,Fox Creek,Greenbriar,Grixdale,Hamtramck,Highland Heights-Stevens' Sub.,Krainz Woods,Milwaukee Junction,La Salle College Park,Mohican Regent,MorningSide,North End,Osborn,Pulaski,Ravendale,Regent Park,Van Steuban,Eastern Market,Forest Park,Poletown East,Barry Sub.,Belle Isle Park,Conner Creek,East Grand Boulevard,East Jefferson Avenue,East Village,Eastside Cemetery,Elmwood Park,English Village,Gold Coast,Indian Village,Islandview,Jefferson-Chalmers,Lafayette Park,McDougall-Hunt,Marina Park,Rivertown,St. John Hospital,Victoria Park,West Village,Bagley,Belmont,Berg-Lahser,Brightmoor,Blackstone Park,Castle Rouge,Eight Mile Wyoming,Eliza Howell,The Eye,Fitzgerald,Five Points,Grandmont # 1,Grandmont - Rosedale,LaSalle Gardens,Minock Park,NW Goldberg,Oakman Boulevard,Old Redford,Petosky-Otsego,Riverdale,Russell Woods,Rosedale Park,Westwood Park,Aviation,Barton-McFarland,Briggs,Castle Rouge,Core City,Fiskhorn,Franklin Park,Grandale,Herman Gardens,Littlefield,Parkland,Hubbard-Richard,Warrendale,Weatherby
Phoenix,AZ,Maricopa,Arcadia,Biltmore Area,Central Avenue Corridor,Copper Square,Desert Ridge,Downtown Phoenix,East Side,Golden Gate Barrio,Maryvale,Maryvale Village,North/Northwest Phoenix,South Phoenix,Southwest Phoenix,F. Q. Story Neighborhood Historic District
Seattle,WA,King,Atlantic,Ballard,Beacon Hill,Belltown,Bitter Lake,Blue Ridge,Broadmoor,Broadview,Bryant,Capitol Hill,Cascade,Central District,Central Waterfront,Cherry Hill,Crown Hill,Denny Regrade,Denny-Blaine,Downtown,Eastlake,First Hill,Fremont,Georgetown,Green Lake,Greenwood,Harbor Island,Hawthorne Hills,Industrial District,Interbay,International District,Lake City ,Cedar Park,Matthews Beach,Meadowbrook,Olympic Hills,Victory Heights,Laurelhurst,Leschi,Lower Queen Anne,Madison Park,Madison Valley,Madrona,Madrona Valley,Magnolia,Montlake,Mount Baker,New Holly,Northgate ,Haller Lake,Licton Springs,Maple Leaf,Pinehurst,Phinney Ridge,Pioneer Square,Portage Bay,Queen Anne,Rainier Valley ,Brighton,Columbia City,Dunlap,Hillman City,Rainier Beach,Ravenna,Roosevelt,Sand Point,Seward Park,SoDo,South Lake Union,South Park,Squire Park,University District,University Village,View Ridge,Wallingford ,Meridian,Northlake,Washington Park,Wedgwood,Westlake,West Seattle,Windermere,Yesler Terrace
Tampa,FL,Hillsborough,Armenia Gardens Estates,Audubon Park,Ballast Point,Bayshore Beautiful,Bayshore Gardens,Bayside West,Beach Park,Beach Park Isles,Beasley,Bel Mar Shores,Bon Air,Carver City-Lincoln Gardens,Channel District,College Hill,Culbreath Bayou,Culbreath Isles,Davis Islands,Dixie Farms,Drew Park,Eastern Heights,East Tampa,Belmont Heights,Jackson Heights,East Ybor,Fair Oaks - Manhattan Manor,Fern Cliff,Florence Villa,Forest Hills,Gandy-Sun Bay South,Golf View,Grant Park,Gray Gables,Harvey Heights,Highland Pines,Historic Hyde Park North,Harbour Island,Hunter's Green,Interbay,Live Oaks Square,Lowry Park,Lowry Park North,Maryland Manor,New Suburb Beautiful,North Bon Air,Northeast Community,North Hyde Park,North Tampa,Northview Hills,Oakford Park,Oak Park,Old Seminole Heights,Palma Ceia,Palma Ceia West,Palmetto Beach,Parkland Estates,Port Tampa,Rattlesnake,Rembrandt Gardens,Ridgewood Park,River Arts District,Riverbend,Rivercrest,River Grove,Riverside Heights,Robles Park,Soho District,South Seminole Heights,Southeast Seminole Heights,Southern Pines,South Nebraska,South Westshore,Sulphur Springs,Sunset Park,Swann Estates,Tampa Overlook,Tampa Palms,Temple Crest,Terrace Park,University Square,V.M. Ybor,Virginia Park,Wellswood,West Hyde Park,West Meadows,West Tampa,Bowman Heights,MacFarlane Park,Marina Club,Northeast Macfarlane,Old West Tampa,West Riverfront,Westshore Palms,Woodland Terrace
Minneapolis,MN,Hennepin,Bryn Mawr,Calhoun Area Residents Action Group (CARAG),Cedar-Isles-Dean,East Calhoun,East Isles,Kenwood,Lowry Hill,Lowry Hill East (The Wedge),West Calhoun,Cleveland,Folwell,Lind-Bohanon,McKinley,Shingle Creek,Victory,Webber-Camden,Downtown East,Downtown West,Elliot Park,Loring Park,North Loop,Stevens Square,Cooper,Hiawatha,Howe,Longfellow,Seward,Harrison,Hawthorne,Jordan,Near North,Sumner-Glenwood,Willard-Hay,Diamond Lake,Ericsson,Field,Hale,Nokomis East ,Keewaydin,Minnehaha,Morris Park,Wenonah,Northrop,Page,Regina,Audubon Park,Beltrami,Bottineau,Columbia Park,Holland,Logan Park,Marshall Terrace,Northeast Park,Sheridan,St. Anthony East,St. Anthony West,Waite Park,Windom Park,East Phillips,Midtown Phillips,Phillips West,Ventura Village,Bancroft,Bryant,Central,Corcoran,Lyndale,Powderhorn Park,Standish,Whittier,Armatage,East Harriet,Fulton,Kenny,King Field,Linden Hills,Lynnhurst,Tangletown,Windom,Cedar-Riverside,Como,Marcy-Holmes,Nicollet Island/East Bank,Prospect Park,University,Dinkytown,Downtown,Eat Street,50th & France,Lyn-Lake,Midtown,Mills District,Stadium Village,Uptown
Miami,FL,Miami-Dade,Allapattah,Bay Point,Bayside,Belle Meade,Biscayne Island,Brickell,Brickell Key,Bryan Park,Buena Vista,Civic Center,Coconut Grove,Coral Gate,Coral Way,Design District,Dodge Island,Downtown,Edgewater,Flagami,Golden Pines,Grapeland Heights,Jewelery District,Liberty City,Little Haiti,Little Havana,Little River,Lummus Park,Midtown,MiMo District,Morningside,Omni,Overtown,Park West,Riverside,San Marco Island,Shenandoah,Shorecrest,Silver Bluff,Spring Garden,The Roads,Upper Eastside,Venetian Islands,Virginia Key,Watson Island,West Flagler,Wynwood
Denver,CO,Denver,Baker,Capitol Hill,Central Business District,Cheesman Park,City Park,Congress Park,City Park West,Civic Center,Country Club,Lincoln Park,North Capitol Hill,Speer,Union Station,Belcaro,Cory-Merrill,East Colfax,Hale,Hilltop,Indian Creek,Lowry,Montclair,Park Hill,Virginia Village,Washington Virginia Vale,Windsor,Clayton,Cole,Elyria-Swansea,Five Points,Globeville,North Park Hill,South Park Hill,Skyland,Whittier,Cherry Creek,Denver International Airport,Gateway / Green Valley Ranch,Montbello,Northeast Park Hill,Stapleton,Auraria,Berkeley,Chaffee Park,Highland,Jefferson Park,Regis,Sloan Lake,Sunnyside,West Highland,College View / South Platte,Overland,Platte Park,Rosedale,University,University Hills,University Park,Washington Park,Washington Park West,Wellshire,Goldsmith,Hampden,Hampden South,Kennedy,Southmoor Park,Bear Valley,Fort Logan,Harvey Park,Harvey Park South,Marston,Athmar Park,Barnum,Barnum West,Mar Lee,Ruby Hill,Sun Valley,Valverde,Villa Park,West Colfax,Westwood,Alamo Placita,Burns Brentwood,Crestmoor,Curtis Park,Golden Triangle,Hampden Heights,LoDo,Mayfair,Parkfield
Orlando,FL,Orange,Lake Dot,Callahan,Parramore,Lake Eola Heights,South Eola,Thornton Park,Colonialtown,Lawsona,Ferncreek,Lake Cherokee,Greenwood,Lake Davis,Bel Air,Delaney Park,Wadeview Park,Lake Weldona,Lancaster Park,College Park
Cleveland,OH,Cuyahoga,Brooklyn Centre,Buckeye-Shaker,"Central, Cleveland",Clark-Fulton,Cleveland Theater District,Collinwood,Detroit-Shoreway,Downtown Cleveland,"Fairfax, Cleveland",The Flats,"Glenville, Cleveland","Hough, Cleveland",Industrial Valley,Kamm's Corners,Lee-Miles,"Nottingham, Ohio","Ohio City, Cleveland",Old Brooklyn,"Old Chinatown, Cleveland","South Broadway, Cleveland",St. Clair-Superior,"Tremont, Cleveland",University Circle,"Woodland Hills, Cleveland"
Sacramento,CA,Sacramento,Ben Ali,Boulevard Park,Colonial Heights,Curtis Park,Del Paso Heights,Downtown Sacramento,East Sacramento,Elmhurst,Gardenland,Land Park,Lavender Heights,Meadowview,Midtown Sacramento,Natomas,New Era Park,North Sacramento,Oak Park,Pocket-Greenhaven,Robla,Southeast Village,Southside Park,Swanston Estates,Tahoe Park,Upper Land Park,Valley View Acres
St. Louis,MO,St. Louis,Academy,Baden,Benton Park,Benton Park West,Bevo Mill,Botanical Heights,Boulevard Heights,Carondelet,Carr Square,Central West End,Cheltenham,Clayton/Tamm (Dogtown),Clifton Heights,College Hill,Columbus Square,Compton Heights,Covenant Blu/Grand Center,DeBaliviere Place,Downtown,Downtown West,Dutchtown,Ellendale,Fairground,Forest Park Southeast,Fountain Park,Fox Park,Franz Park,Gate District,Gravois Park,Greater Ville,Hamilton Heights,The Hill,Hi-Pointe,Holly Hills,Hyde Park,JeffVanderLou,Kings Oak,Kingsway East,Kingsway West,Kosciusko,Lafayette Square,LaSalle Park,Lewis Place,Lindenwood Park,Marine Villa,Mark Twain,Mark Twain/I-70 Industrial,McKinley Heights,Midtown,Mount Pleasant,Near North Riverfront,North Hampton,North Point,North Riverfront,O'Fallon,Old North St. Louis,Patch,Peabody–Darst–Webbe,Penrose,Princeton Heights,Riverview,Shaw,Skinker–DeBaliviere,Soulard,Southampton,Southwest Garden,St. Louis Hills,St. Louis Place,Tiffany,Tower Grove East,Tower Grove South,Vandeventer,The Ville,Visitation Park,Walnut Park East,Walnut Park West,Wells/Goodfellow,West End,Wydown/Skinker
Portland,OR,Multnomah,Alameda,Arbor Lodge,Ardenwald-Johnson Creek,Argay,Arlington Heights,Arnold Creek,Ashcreek,Beaumont-Wilshire,Boise,Brentwood-Darlington,Bridgeton,Bridlemile,Brooklyn,Buckman,Cathedral Park,Centennial,Collins View,Concordia,Creston-Kenilworth,Crestwood,Cully,Downtown,East Columbia,Eastmoreland,Eliot,Far Southwest,Forest Park,Foster-Powell,Glenfair,Goose Hollow,Grant Park,Hayden Island,Hayhurst,Hazelwood,Healy Heights,Hillsdale,Hillside,Hollywood,Homestead,Hosford-Abernethy,Humboldt,Irvington,Kenton,Kerns,King,Laurelhurst,Lents,Linnton,Lloyd District,Madison South,Maplewood,Markham,Marshall Park,Mill Park,Montavilla,Mt. Scott-Arleta,Mt. Tabor,Multnomah,North Tabor,Northwest District,Northwest Heights,Northwest Industrial,Old Town Chinatown,Overlook,Parkrose,Parkrose Heights,Pearl District,Piedmont,Pleasant Valley,Portsmouth,Powellhurst-Gilbert,Reed,Richmond,Rose City Park,Roseway,Russell,Sabin,St. Johns,Sellwood-Moreland,South Burlingame,South Portland,South Tabor,Southwest Hills,Sullivan's Gulch,Sumner,Sunderland,Sunnyside,Sylvan-Highlands,University Park,Vernon,West Portland Park,Wilkes,Woodland Park,Woodlawn,Woodstock
Pittsburgh,PA,Allegheny,Bluff,Chinatown,Cultural District,Fort Pitt,Market Square,North Shore,South Shore,Renaissance Historic District,Strip District,Allegheny Center,Allegheny West,Brighton Heights,California-Kirkbride,Central Northside,Chateau,East Allegheny,Fineview,Manchester,Marshall-Shadeland,Mexican War Streets,Northview Heights,Perry North,Perry South,Spring Garden,Spring Hill–City View,Summer Hill,Troy Hill,Washington's Landing,South Side Flats,South Side Slopes,Allentown,Arlington,Arlington Heights,Banksville,Beechview,Beltzhoover,Bon Air,Brookline,Carrick,Chatham Village,Knoxville,Lincoln Place,Mt. Oliver,Mt. Washington,Overbrook,Saint Clair,Central Oakland,North Oakland,Panther Hollow,South Oakland,West Oakland,Alpha Terrace Historic District,Bedford Dwellings,Bloomfield,Central Lawrenceville,Crawford-Roberts,Duquesne Heights,East Hills,East Liberty,Four Mile Run,Friendship,Garfield,Glen Hazel,Greenfield,Hays,Hazelwood,Highland Park,Homewood North,Homewood South,Homewood West,Larimer,Lincoln–Lemington–Belmar,Lower Lawrenceville,Middle Hill,Morningside,New Homestead,North Point Breeze,Point Breeze,Polish Hill,Regent Square,Shadyside,Squirrel Hill,Stanton Heights,Swisshelm Park,Terrace Village,Upper Hill,Upper Lawrenceville,Chartiers,Crafton Heights,East Carnegie,Elliott,Esplen,Fairywood,Oakwood,Ridgemont,Sheraden,Westwood,Windgap,West End,North Hills,Allegheny,South Hills,Pittsburg,Beechview,Carrick,Mount Washington,Overbrook,Temperanceville,Beltzhoover,Garfield,Allentown,Knoxville,Lower St. Clair Township,St. Clair Township,Oakland,Birmingham
Raleigh,NC,Wake,Anderson Heights,Avent West,Belvidere Park,Capital Park,Blount Street,Boylan Heights,Cameron Park,Country Club Hills,Drewry Hills,Fayetteville Street,Five Points,Glenwood-Brooklyn,Glenwood Village,Glenwood South,Hayes Barton,Historic Oakwood,Longview Gardens,Moore Square,Mordecai,North Carolina State University,Raleigh Country Club,Ridge Road,State Government District,Warehouse District,Wayland Heights,Woodcrest,University Park,North Hills,Crabtree Valley,Brookhaven,Brentwood,Brier Creek,Stonehenge,Falls River,North Ridge Country Club,North Ridge,Summerfield,North Pointe,Thorpshire,Tealbriar,Stonebridge,Wood Valley,Tadlock Plantation,Crossgate,Bent Tree,Wakefield Plantation,Westlake,Leesville,Dominion Park,Durant Trails,Millbrook,New Hope,Quail Hollow,Quail Meadows,Quail Ridge,Falls Church,Fairfax Hills,Lakemont,Hickory Hills,Summit Ridge,Lake Park,Village on the Green,Springdale/Leesville,Coachmans Trail,Pinecrest,Oak Park,Olde Raleigh,Westover,Laurel Hills,Umstead,Tysonville,Asbury,Medfield,Trinity Woods,Brandywine,Renaissance Park,Southall,Hedingham,Skycrest Village,Wilder's Grove,Southgate,Walnut Creek,Lake Wheeler,Swift Creek,Rhamkatte,Parkland,Biltmore Hills,Carolina Pines,Trailwood
Charlotte,NC,Mecklenburg,Ballantyne,Chantilly,Cotswold,Derita,Dilworth,Eastland,Elizabeth,Myers Park,NoDa,North Charlotte,Plaza-Midwood,Quail Hollow,Sedgefield,Sherwood Forest,SouthPark,Starmount,Steele Creek,Stonehaven
Indianapolis,IN,Marion,Acton,Arden,Bates-Hendricks,Beech Grove,BlackBurn Terrace Project,Bosart-Brown,Brendonwood,Brightwood,Broad Ripple Village,Brookside Park,Butler-Tarkington,Camby,Castleton,Central,Chapel Hill,Chatham Arch,Clearwater,Clermont ,College Park,Cottage Home,Crooked Creek,Crown Hill,Crows Nest,Cumberland,Downtown Indianapolis,Drexel Gardens,Eagle Creek,Eagledale,Eastgate,Emerson Heights,Fall Creek Place,Five Points,Fletcher Place,Fountain Square,Gallaudet Station,Garfield Park,Geist,Glendale,Golden Hill Historic District,Greenbriar,Haughville,Herron-Morton Place Historic District,Holy Cross,Homecroft,Hillside,Historic Meridian Park,Homecroft,Indiana Avenue,Indianapolis Cultural Districts,Irish Hill,Irvington,Julietta,Keystone at the Crossing,Kessler Green,Lafayette Square,Lawrence ,Little Flower,Lockerbie Square Historic District,Lockefield Gardens,Mapleton-Fall Creek,Mars Hill,Massachusetts Avenue,Meridian Hills ,Meridian Woods Park,Meridian-Kessler,Mickleyville,Mozel Sander Projects,New Augusta,Nora,Normandy Farm,North Crows Nest,"Northern Estates, Wolfington on Kessler",Oaklandon,Old Northside,Park 100,Park Lafayette,Poplar Grove,"Post Road, Indianapolis",Ransom Place,Ravenswood,Riverside,Rocky Ripple ,Rural-Sherman,Saddle Brook,Saddle Brook South,St. Clair Place,Southport,Speedway ,Springdale,Spring Hill ,Traders Point,Twin Brooks,University Heights,Wanamaker,Warren Park ,Washington Place,Watson Park Historic District,West Indianapolis,West Newton ,Westwood,Windsor Park,Wholesale District,Williams Creek ,Wincome,Woodruff Place,Wynnedale ,Wenslydale
Baltimore,MD,Baltimore,Arlington,Ashburton,Burleigh-Leighton,Callaway-Garrison,Central Forest Park,Central Park Heights,Cheswolde,Cross Country,Dolfield,Dorchester,East Arlington,Fallstaff,Forest Park/Howard Area,Garwyn Oaks,Glen,Grove Park,Hanlon Park - Longwood,Howard Park,Langston Hughes,Liberty Square,Lucille Park,Park Circle,Park Heights,Pimlico,Purnell,Reisterstown Station,Towanda-Grantley,West Hill Square,West Forest Park,Windsor Hills,Woodmere,Abell,Bellona-Gittings,Better Waverly,Barclay,Cameron Village,Cedarcroft,Charles North,Charles Village,Chinquapin Park-Belvedere,Cold Spring,Village of Cross Keys,Cylburn,Edgecomb,Ednor Gardens-Lakeside,Evergreen,Mid-Govans,Glen Oaks,Greenspring,Guilford,Hampden,Harwood,Hoes Heights,Homeland,Homewood Campus of Johns Hopkins University,Kenilworth Park,Kernewood,Keswick,Lake Evesham,Lake Walker,Levindale,Loyola-Notre Dame,Mid-Charles,Mid-Govans,Mount Washington,Medfield,New North Roland Park-Poplar Hill,Oakenshawe,The Orchards,Pen Lucy,Radnor-Winston,Remington,Richnor Springs,Roland Park,Rosebank,Sabina Mattefeldt,Tuscany-Canterbury,Wilson Park,Winston-Govans,Woodberry,Woodbourne Heights,Woodbourne-McCabe,Wyman Park,Wyndhurst,Arcadia,Armistead Gardens,Belair-Edison,Belair-Parkside,Beverly Hills,Cedmont,Cedonia,Christopher,Coldstream-Homestead-Montebello,Claremont-Freedom,Four by Four,Frankford,Gardenville,Glenham-Bedford,Hamilton,Harford-Echodale-Perring Parkway,Hillen,Hollander Ridge,Idlewood,Lauraville,Loch Raven,Mayfield,Mayfield-Montebello,Moravia-Walther,Morgan Park,North Harford Road,"Northwood, Baltimore",Overlea,Parkside,Perring-Loch,Ramblewood,Rosemont Avenue,Stonewood-Pentwood-Winston,Taylor Heights,Waltherson,Waverly,Westfield,Wilson Heights,Wilson Park,Woodbourne Heights,Woodring,Allendale,Bridgeview-Greenlawn,Coppin Heights,Easterwood,Edmondson Village,Evergreen Lawn,Franklin Square,Harlem Park,Heritage Crossing,Lexington,Midtown Edmondson,Mondawmin,Mosher,Panway-Braddish,Penn-North,Poppleton,Rosemont,Sandtown-Winchester,Upton,Walbrook,Belvedere,Bolton Hill,Charles Center,Charles North,Downtown,Druid Heights,Heritage Crossing,Inner Harbor,Little Korea Town,Lakeview Towers,Lexington Terrace,Madison Park,McCulloh Homes,Mount Vernon,Otterbein,Reservoir Hill,Ridgely's Delight,Seton Hill,Somerset Homes,Station North,Upton,"University of Maryland, Baltimore",Westside,Armistead Gardens,Barclay,Berea,Biddle Street,Broadway East,Darley Park,Douglass Homes,Dunbar-Broadway,East Baltimore Midway,Ellwood Park,Gay Street,Greenmount,Johnston Square,Jonestown,Madison-Eastend,McElderry Park,Middle East,Milton-Montford,Oldtown-Latrobe,Oliver,Orangeville,Penn-Fallsway,Pleasant View Gardens,Somerset Holmes-Monument East,South Clifton Park,Allendale,Beechfield,Bentalou-Smallwood,Booth-Boyd,Carrollton Ridge,Carroll South,Dickeyville,Edmondson,Fairmount,Franklintown,Gwynn's Falls,Hillside Park,Hilton,Irvington,Hillside Park,Mill Hill,Monastery Gardens,Morrell Park,Mount Holly,Northwest Community Action,Oaklee,Pigtown,Primrose Place,Rognel Heights,Rosemont,Saint Agnes,Saint Joseph's,Shipley Hill,Sowebo,Ten Hills,Tremont,Uplands,Violetville,Wakefield,Wallbrook,Westgate,West Hills,West Mullberry,Western,Winchester,Windsor Hills,Yale Heights,Barre Circle,Brooklyn,Cherry Hill,Curtis Bay,Downtown,Fairfield,Federal Hill,Harborview,Hawkins Point,Hollins Market,Lakeland,Locust Point,Mount Winans,Otterbein,Pigtown,Pratt Monroe,Ridgely's Delight,Riverside,Saint Paul,SBIC/West Federal Hill,Sharp-Ledenhall,Shoreline,South Baltimore,Union Square,Wagner's Point,West Pratt,Westport,Baltimore Highlands,Bayview,Brewer's Hill,Butchers Hill,Canton,Douglas Homes,Dunbar,Eastwood,Ellwood Park,Fells Point,Fells Prospect,Fifteenth Street,Graceland Park,Greektown,Harbor East,Hopkins Bayview,Highlandtown,Jonestown,Joseph Lee,Kresson,Little Italy,McElderry Park,Medford-Broening Highway,O'Donnell Heights,Patterson Park,Patterson Place,Perkins Homes,Pleasant View Gardens,St Helena,Upper Fells Point,Washington Hill
San Diego,CA,San Diego,Balboa Park,Bankers Hill,Barrio Logan,Bay Ho,Bay Park,Birdland,Black Mountain Ranch,Burlingame,Carmel Mountain Ranch,Carmel Valley,Centre City,City Heights,Clairemont,College Area,Del Mar Heights,Del Mar Mesa,Downtown San Diego,Columbia,Core,Cortez Hill,East Village,Gaslamp Quarter,Little Italy,Marina,East Elliott,Egger Highlands,El Cerrito,Emerald City,Gateway,Golden Hill,Grant Hill,Harbor Island,Harborview,Hillcrest,Horton Plaza,Kearny Mesa,Kensington,La Jolla,La Jolla Village,Torrey Pines,Village of La Jolla,Lake Murray,Linda Vista,Logan Heights,Marston Hills,Memorial,Midtown,Mira Mesa,Miramar,Miramar Ranch North,Mission Beach,Mission Hills,Mission Valley,Morena,Navajo,Allied Gardens,Del Cerro,Grantville,San Carlos,Nestor,Normal Heights,North City,North Park,North Clairemont,Oak Park,Ocean Beach,Ocean Crest,Ocean View Hills,Old Town,Otay Mesa,Otay Mesa West,Pacific Beach,Pacific Highlands Ranch,Palm City,Point Loma,La Playa,Loma Portal,Midway,Point Loma Heights,Roseville-Fleetridge,Sunset Cliffs,Wooded Area,Rancho Bernardo,Rancho Encantada,Rancho Peñasquitos,Redwood Village,Rolando,Rolando Park,Sabre Springs,San Pasqual Valley,San Ysidro,Scripps Ranch,Scripps Miramar Ranch,Serra Mesa,Shelter Island,Sherman Heights,Sorrento Mesa,Sorrento Valley,South Park,Southeastern San Diego,Bay Terrace,Encanto,Alta Vista,Broadway Heights,Chollas View,Emerald Hills,Lincoln Park,South Encanto,Valencia Park,Jamacha-Lomita,Mountain View,Mt. Hope,Paradise Hills,Shelltown,Skyline,Southcrest,Stockton,Talmadge,Tierrasanta,Tijuana River Valley,Torrey Highlands,Torrey Hills,University City,University Heights,Uptown,Webster
Nashville,TN,Davidson,Hillsboro Village,Printer's Alley,Music Row,Lower Broadway,Antioch,Bellevue,Donelson,East Nashville,Green Hills,The Gulch,Hermitage,Lockeland Springs,Madison,Old Hickory
Hartford,CT,Hartford,Central Business District/Downtown,Parkville,Frog Hollow,Asylum Hill,West End,Sheldon/Charter Oak,Clay-Arsenal,South End,South Green,Barry Square,South Meadows,Southwest,Behind the Rocks,North Meadows,Blue Hills,Northeast,Little Italy,Upper Albany
New Haven,CT,New Haven County,Amity,Annex,Audubon Arts District,Beaver Hills,Beverly Hills,Bishop Woods,Broadway District,Brookside,Cedar Hill,Chatham Square,Church Street South,City Point/Oyster Point,Dixwell,Downtown New Haven,Dwight,East Rock,East Shore/Morris Cove,Edgewood,Fair Haven,Fair Haven Heights,Hill,Jocelyn Square,Kimberly Square,Long Wharf,Mill River,Newhallville,New Haven Green,Prospect Hill,Quinnipiac Meadows,Quinnipiac River Village,Trowbridge Square,Upper State Street,Westville,West Chapel District,West Hills,West River,West Rock,Whalley District,Wooster Square,Yale Main Campus,Yale Medical Campus
Kansas City,MO,Jackson County,Downtown,18th and Vine,Beacon Hill-McFeders,Columbus Park,Crown Center,Crossroads,Hospital Hill,Longfellow/Dutch Hill,Quality Hill,River Market,Union Hill,West Side,Ashland Ridge,Blue Hills,Blue Valley,Boulevard Village,Country Valley-Hawthorne Square,Cunningham Ridge,Dunbar,East 23rd Street P.A.C.,Eastwood Hills,Glen Lake,Ingleside,Ivanhoe,Key Coalition,Knoches Park,Leeds,Mount Cleveland,Oak Park,Palestine,Parkview,Riss Lake,Santa Fe,Sheraton Estates,Stayton Meadows,Sterling Acres,Sterling Gardens,Vineyard,Vineyard Estates,Vineyard,Washington-Wheatley,Wendell Phillips,Center City,Coleman Highlands,Hanover Place,Hyde Park,Manheim Park,Mount Hope,"Old Hyde Park Historic District, Inc.",Old Westport,Plaza Westport,Roanoke,Southmoreland,Squier Park,Valentine,Volker,Westport,Forgotten Homes,Independence Plaza,Indian Mound,Lykins,Northeast Industrial District,Paseo West,Pendleton Heights,Scarritt Point,Sheffield,Antioch Acres,Barry Harbour,Barry Woods/ Park Hill,Birmingham Bottoms,Bradford Place,Breen Hills,Briarcliff,Briarcliff West,Chaumiere,Chouteau Estates,Claymont,Claymont North,Clayton,Colonial Square,Cooley Highlands,Country Club Estates-Big Shoal,Coves North,Crestview Homes Association 1,Davidson,Dearfield,Foxwoods-Carriage Hills,Gashland,Glenhaven,Gracemor-Randolph Corners,Greenwood,Harlem,Highland View,Hill Haven,Holiday Hills,Jefferson Highlands,KCI,Lakeview Terrace,Linden Park,Line Creek-Northern Heights,Maple Park,Maple Park West,Milton,Minneville,Meadowbrook Heights,Nashua,New Mark,Northhaven Gardens,Outer Gashland-Nashua,Parkdale-Walden,Park Forest,Park Hill South/ South Platte,Park Plaza,Platte Brook North,Platte Ridge,Platte Woods,Prairie Point-Wildberry,Ravenwood-Somerset,Riss Lake,River Forest,River View,Royal Oaks North,Sherrydale,Sherwood Estates,Shoal Creek,Staley Farms,Tanglewood-Regency North,The Coves,Winnetonka,Winnwood-Sunnybrook,Winnwood Gardens,Brookside,Countryside,Country Club,Country Club Plaza,Country Club District,Park Central-Research,West Plaza,Westport,South Plaza,Sunset Hill,Rockhill,Westwood Park,49-63 Coalition,Armour Fields,Armour Hills,Bannister Acres,Battleflood Heights,Boone Hills,Blue Hills Estates,Blue Vue Hills,Blue Ridge Farm,Bridlespur,Calico Farms,Citadel,Coachlight Square,Country Lane Estates,Crestwood,Crossgates,East Swope Highlands,Fairlane,Foxcroft-Glen Arbor,Foxtown East,Foxtown West,Hickman Mills,Hickman Mills South,Hidden Valley,Highview Estates,Hillcrest,Holmes Park,Kirkside,Lea Manor,Legacy East,Lewis Heights,Linden Hills-Indian Heights,Little Blue Valley,Loma Vista,Longview,Marlborough East,Marlborough Heights,Marlborough Pride,Martin City,Mission Lake,Morningside,Neighbors United For Action,Newcastle,New Santa Fe,Noble-Gregory Ridge,Oakwood,Oak Meyer Garden,Park Central-Research Hospital,Red Bridge,Red Bridge South,Richards Gebaur,Robandee-Fairwood,Robandee South,Rolling Meadows,Romanelli West,Royal Oaks,Ruskin Heights,Ruskin Hills,Santa Fe Hills,Sechrest,Self-Help Neighborhood Council,Stratford Estates,Strupwood,Swope Park Campus,Swope Park-Winchester,Swope Parkway-Elmwood,Terrace Lake Gardens,Timber Valley,Tower Homes,Town Fork Creek,Troost Avenue Lawn,Unity Ridge,Verona Hills,Waldo,Waldo West,Ward Estates,Ward Parkway,Ward Parkway Plaza,Western Hills,White Oak,Woodbridge,Wornall Homestead
Columbus,OH,Franklin,Arena District,Argyle Park,Berwick,The Bottoms,Brewery District,Cherry Creek,Clintonville,Discovery District,Downtown,Driving Park,East Broad Street,Eastside,Flytown,Forest Park,Franklinton,Georgian Heights,German Village,Glen Echo,Harrison West,High Five,Hilltop,Holly Hill,Italian Village,King-Lincoln Bronzeville,Lincoln Village,Linden,Mount Vernon,Murray Hill,Near East Side,Northwood Park,Old North Columbus,Old Oaks,Olde Towne East,Olentangy West,Riverbend,San Margherita,Short North,South End,University District,Victorian Village,Westgate,Woodland
Salt Lake City,UT,Salt Lake City,9th and 9th,The Avenues,Capitol Hill,Central City,Downtown,Fairpark,Foothill,Federal Heights,Glendale,Poplar Grove,Rose Park,Sugar House
Milwaukee,WI,Milwaukee,Arlington Heights,Brewer's Hill,Franklin Heights,Granville,Harambee,Bronzeville,Grover Heights,Halyard Park,Havenwoods,Hillside,Metcalfe Park,Midtown,Park West,Sherman Park,Thurston Woods,Uptown Crossing,Williamsburg Heights,Bay View,Clarke Square,Holler Park,Jackson Park,Jones Island,Layton Park,Lincoln Village,Mitchell Street,Tippecanoe,Town of Lake,Walker's Point,The East Side,Brady Street,East Village,Murray Hill,Riverwest,Beerline B,Avenues West,University Hill,Cold Spring Park,Concordia,Enderis Park,Kops Park,Grantosa Heights,Martin Drive,Merrill Park,Piggsville,Mount Mary,Story Hill,Walnut Hill,Washington Heights,Washington Park,East Town,Menomonee River Valley,Historic Third Ward,Westown
Cincinnati,OH,Hamilton,Avondale,Bond Hill,California,Camp Washington,Carthage,Clifton,College Hill,Columbia-Tusculum,Corryville,CUF,Downtown,East End,East Walnut Hills,East Westwood,English Woods,Evanston,Fay Apartments,Hartwell,Hyde Park,Kennedy Heights,Linwood,Madisonville,Millvale,Mt. Adams,Mt. Airy,Mt. Auburn,Mt. Lookout,Mt. Washington,North Avondale,North Fairmount,Northside,Oakley,Over-the-Rhine,Paddock Hills,Pendleton,Pleasant Ridge,Price Hill,Queensgate,Riverside,Roselawn,Sayler Park,Sedamsville,South Cumminsville,South Fairmount,Spring Grove Village,Walnut Hills,West End,Westwood,Winton Hills
San Antonio,TX,Bexar & Comal,Downtown San Antonio,Alamo Heights,MidtownBrackenridge Park,Uptown Central,North Central,Far North Central,Northeast Side,Northwest Side,Far West Side,Inner West Side,South Side,East Side,Near East Side
Greenville,SC,Greenville,Brutontown,Greater Sullican,Green Avenue,Nicholtown,West Greenville,Viola Street,Sterling,Southernside,Pleasant Valley,Payne Logan,Haynie-Sirrine,Greenline-Spartanburg
West Palm Beach,FL,Palm Beach,Bel Air Historic District,Central Park,El Cid,Flamingo Park,Grandview Heights,Mango Promenade,Northboro Park,Northwest,Old Northwood Historic District,Northwood Hills Historic District,Prospect Park,West Northwood Historic District
Kalamazoo,MI,Kalamazoo,Arcadia,Burke Acres,Central Business District,Colony Farm,Eastside,Edison,Hill 'N' Brook,Knollwood,Milwood,Northside,Oakland/Winchell,Oakwood,Parkview Hills,South Westnedge,Southside,Stuart,Vine,West Douglas/Fairmont,West Main Hill,Western Michigan University,Westnedge Hill,Westwood
Austin,TX,Travis,Allendale,Anderson Mill,Barton Creek,Barton Hills,Bouldin Creek,Bremond Block Historic District,Brentwood,Bryker Woods,Canyon Creek,Circle C Ranch,Clarksville,Congress Avenue,Copperfield,Crestview,Dawson,Dove Springs,Downtown Austin,The Drag,East Cesar Chavez,East Riverside-Oltorf,Far West,French Place,Galindo,Hancock,Hyde Park Historic District,Montopolis,Moore's Crossing Historic District,Mueller Community,North Shoal Creek,Northwest Hills,Oak Hill,Old West Austin,Onion Creek,Rainey Street,Rosedale,Saint John,Shadow Lawn Historic District,Sixth Street,South Congress,South Lamar,South River City,Spyglass-Barton's Bluff,Swedish Hill,Tarrytown,Travis Heights,West Campus,Westgate,West Line,Willow-Spence Streets,Windsor Hills,Windsor Park,Wooten,Zilker
Oklahoma City,OK,Oklahoma,Bricktown,Deep Deuce,The Arts District,Film Row,Automobile Alley,Plaza District,Heritage Hills & Mesta Park,Cottage District,Asia District,The Paseo,Crown Heights–Edgemere Heights,Western Avenue Corridor,39th Street Enclave,Boathouse District,Capitol Hill,Stockyards City,Adventure District,Lincoln Terrace,NW Expressway / Belle Isle Corridor,Nichols Hills and The Village,Quail Springs/Memorial Corridor,"Meridian Avenue ""West End"" Corridor",I-240 Corridor
Las Vegas,NV,Clark,Aliante,Alta Drive,Anthem,Boca Park,Centennial Hills,Chinatown,Desert Shores,Downtown Las Vegas,Eldorado,Green Valley,Inspirada,Lake Las Vegas,Los Prados,MacDonald Highlands,Mountains Edge,Paradise Palms,Paradise Vista,Queensridge,Rancho Sierra Estates,Seven Hills,Silverado Ranch,Southern Highlands,Summerlin,The Lakes,West Las Vegas
Harrisburg,PA,Dauphin,Allison Hill,Bellevue Park,Camp Curtin,Capitol District,Capitol Heights,Central Business District (Downtown Harrisburg),City Island,East Harrisburg,Engleton,Italian Lake,Jackson Lick,Hardscrabble,Marketplace,Midtown,Shipoke,South of Market (SoMa) District,South Harrisburg,Steelton,Uptown
Birmingham,AL,Jefferson County,Airport Hills,Brownville ,Cahaba,Crestline,Crestwood,East Birmingham,East Lake,East Pinson Valley,Ensley,Five Points West,Grasselli,Huffman,North Birmingham,Northside,Pratt City,Red Mountain,Roebuck/South East Lake,Smithfield,Southside,Southwest,Titusville,West End,Woodlawn
Norfolk,VA,Norfolk,Algonquin Park,Ballentine,Barraud Park,Berkley,Calvert Square,Chesterfield Heights,Colonial Place,Coleman Place,Crown Point,Diggs Park,Downtown Norfolk,East Ocean View,Estabrook,Fairmount Park Neighborhood,Fort Norfolk,Freemason District,Ghent,Highland Park,Huntersville,Ingleside,Kensington,Larchmont-Edgewater,Lafayette / Winona,Lafayette Shores,Lakewood,Lamberts Point,Larrymore Lawns,Lindenwood,Lochhaven,Meadowbrook,North Ghent,Norview,Ocean View,Park Place,Poplar Halls,Riverview,Sewell's Point,Sewell's Garden,Shoop Park,Talbot Park,Tidewater Park,Titustown,Villa Heights,Wards Corner Business District,West Freemason,Willoughby Spit,Young Terrace
Greensboro,NC,Guilford,Fisher Park,Lake Jeanette,Latham Park,Irving Park,New Irving Park,Bur-Mil Park,Kirkwood,Aycock,Bessemer,Dudley Heights,Old L. Richardson,East White Oaks,White Oak New Town,Willow Oaks,Adams Farm,Asheboro Square,Grandover,Ole Asheboro,Sedgefield,Southside,College Hill,Glenwood,Hamilton Lakes,Jefferson Woods,Lindley Park,Starmount,Starmount Forest,Wedgewood,Sunset Hills,The Cardinal,Guilford College,Westerwood,Lake Daniel
Albuquerque,NM,Bernalillo,Northeast Heights,Westside,Nob Hill,Downtown,Old Town,University Area,Sawmill,Los Ranchos,North Valley,Corrales
Jacksonville,FL,Duval,Brooklyn,Downtown Core,LaVilla,Southbank,Eastside,Murray Hill,New Town,Ortega,Panama Park,Riverside and Avondale,San Marco,Springfield,St. Nicholas,Arlington,Northside,Southside,Westside,Bayard,Lake Shore,Mandarin,Sandalwood,Atlantic Beach,Jacksonville Beach,Mayport,Neptune Beach
Louisville,KY,Jefferson,Algonquin,Auburndale,Audubon,Avondale-Melbourne Heights,Bashford Manor,Beechmont,Belknap,Belmar,Bon Air,Bonnycastle,Bradley,Brownsboro-Zorn,Butchertown,California,Camp Taylor,Cherokee Gardens,Cherokee-Seneca,Cherokee Triangle,Chickasaw,Clifton,Clifton Heights,Cloverleaf,Crescent Hill,Deer Park,Douglass Loop,Downtown,Edgewood,Gardiner Lane,Germantown,Hallmark,Hawthorne,Hayfield Dundee,Hazelwood,Highland Park - Defunct,Highlands,Hikes Point,Irish Hill,Iroquois,Iroquois Park,Jacobs,Kenwood Hill,Klondike,Limerick,Merriwether,Old Louisville,Original Highlands,Paristown Pointe,Park DuValle,Park Hill,Parkland,Phoenix Hill,Poplar Level,Portland,Prestonia - Defunct,Rockcreek-Lexington Road,Russell,Saint Joseph,Schnitzelburg,Shawnee,Shelby Park,Smoketown,South Louisville,Southland Park,Southside,Standiford - Defunct,Taylor-Berry,Tyler Park,Wilder Park,Wyandotte,Buechel,Fairdale,Fern Creek,Highview,Newburg,Okolona,Pleasure Ridge Park,Saint Dennis,Valley Station,Ashville (Glenmary),Avoca,Beckley (Lake Forest),Beechland Beach,Berrytown,Bethany,Boston,Clark Station,Eastwood,English Station,Fairmount,Fisherville,Freys Hill (Springhurst),Goose Creek,Greenwood (Riverport),Griffytown,Harrods Creek,Hopewell,Hunters Trace,Johnsontown,Juniper Beach,Knopp (Knopp-Melton),Kosmosdale,Lake Dreamland,Lake Louisvilla,Lakeland,Long Run,Longview,Meadowlawn,Medora,O'Bannon,Orell,Parkwood,Penile,Petersburg,Plainview,Prairie Village,Riverside Gardens,Routt,Rubbertown,Seatonville,Smyrna,South Park,Springdale,Sylvania,Thixton,Transylvania Beach,Tucker Station,Valley Downs,Valley Gardens,Valley Village,Waverly Hills,Whitner,Worthington,Anchorage,Audubon Park,Bancroft,Barbourmeade,Beechwood Village,Bellemeade,Bellewood,Blue Ridge Manor,Briarwood,Broad Fields,Broeck Pointe,Brownsboro Farm,Brownsboro Village,Cambridge,Cherrywood Village,Coldstream,Creekside,Crossgate,Douglass Hills,Druid Hills,Fairmeade,Fincastle,Forest Hills,Glenview,Glenview Hills,Glenview Manor,Goose Creek,Graymoor-Devondale,Green Spring,Heritage Creek,Hickory Hill,Hills and Dales,Hollow Creek,Hollyvilla,Houston Acres,Hurstbourne,Hurstbourne Acres,Indian Hills,Jeffersontown,Keeneland,Kingsley,Langdon Place,Lincolnshire,Lyndon,Lynnview,Manor Creek,Maryhill Estates,Meadowbrook Farm,Meadow Vale,Meadowview Estates,Middletown,Mockingbird Valley,Moorland,Murray Hill,Norbourne Estates,Northfield,Norwood,Old Brownsboro Place,Parkway Village,Plantation,Plymouth Village,Poplar Hills,Prospect,Richlawn,Riverwood,Rolling Fields,Rolling Hills,St. Matthews,St. Regis Park,Seneca Gardens,Shively,Springlee,Spring Mill,Spring Valley,Strathmoor Manor,Strathmoor Village,Sycamore,Ten Broeck,Thornhill,Watterson Park,Wellington,West Buechel,Westwood,Whipps Millgate,Wildwood,Windy Hills,Woodland Hills,Woodlawn Park,Worthington Hills
Memphis,TN,Shelby,Central Business District,South Main Arts District,Medical District,Harbor Town,Victorian Village,Warehouse District,Uptown,Pinch District,Rozelle,Cooper-Young,Evergreen,East Buntyn,Crosstown,Lenox,Annesdale,Central Gardens,Sherwood Forest,Balmoral,Chickasaw Gardens,Colonial Acres,Galloway Gardens,River Oaks,White Station,Klondyke,Douglas,Frayser,Hollywood,New Chicago,Scutterfeld,Hyde Park,Smokey City,University Street Neighborhood,Raleigh,Binghampton,Berryhill,Bridgewater,Cordova,Countrywood,Eads,Fisherville,Pisgah,Sycamore View,Wolfchase,° Bear Wallow,Westwood,Riverside,Whitehaven,French Fort,Lakeview Gardens,Boxtown,Walker Homes,Mallory Heights,Coro Lake,Capleville,Fox Meadows,Hickory Hill,Castalia,Riverdale,Orange Mound,Parkway Village,Southwind,Oakhaven